PKDATAROWID,FLGEXSDE,FLGEXKEL,FLGEXAUC,FLGEXST,NDOSEI,PKPCOM,MIDPNTN,MIDPNTA,MIDPNTNU,MIDPNTAU,RATEN,RATEA,RATENU,RATEAU
33239219,0,1,0,0,1,,,,,,,,,
33239220,0,1,0,0,1,,,,,,,,,
33239221,0,1,0,0,1,,,,,,,,,
33239223,0,1,0,0,1,,,,,,,,,
33239225,0,1,0,0,1,,,,,,,,,
33239227,0,1,0,0,1,,,,,,,,,
33239228,0,1,0,0,1,,,,,,,,,
33239229,0,1,0,0,1,,,,,,,,,
33239230,0,1,0,0,1,,,,,,,,,
33239231,0,1,0,0,1,,,,,,,,,
33239232,0,1,0,0,1,,,,,,,,,
33239233,0,1,0,0,1,,,,,,,,,
33239234,0,1,0,0,1,,,,,,,,,
33239235,0,1,0,0,1,,,,,,,,,
33239236,0,0,0,0,1,,,,,,,,,
33239237,0,0,0,0,1,,,,,,,,,
33239238,0,0,0,0,1,,,,,,,,,
33239577,0,1,0,0,1,,,,,,,,,
33239578,0,1,0,0,1,,,,,,,,,
33239579,0,1,0,0,1,,,,,,,,,
33239581,0,1,0,0,1,,,,,,,,,
33239583,0,1,0,0,1,,,,,,,,,
33239585,0,1,0,0,1,,,,,,,,,
33239587,0,1,0,0,1,,,,,,,,,
33239588,0,1,0,0,1,,,,,,,,,
33239589,0,1,0,0,1,,,,,,,,,
33239590,0,1,0,0,1,,,,,,,,,
33239591,0,1,0,0,1,,,,,,,,,
33239592,0,1,0,0,1,,,,,,,,,
33239593,0,1,0,0,1,,,,,,,,,
33239594,0,0,0,0,1,,,,,,,,,
33239595,0,0,0,0,1,,,,,,,,,
33239596,0,0,0,0,1,,,,,,,,,
33238543,0,1,0,0,1,,,,,,,,,
33238545,0,1,0,0,1,,,,,,,,,
33238546,0,1,0,0,1,,,,,,,,,
33238547,0,1,0,0,1,,,,,,,,,
33238548,0,1,0,0,1,,,,,,,,,
33238549,0,1,0,0,1,,,,,,,,,
33238550,0,1,0,0,1,,,,,,,,,
33238551,0,1,0,0,1,,,,,,,,,
33238552,0,1,0,0,1,,,,,,,,,
33238553,0,1,0,0,1,,,,,,,,,
33238554,0,1,0,0,1,,,,,,,,,
33238555,0,1,0,0,1,,,,,,,,,
33238556,0,1,0,0,1,,,,,,,,,
33238557,0,0,0,0,1,,,,,,,,,
33238558,0,0,0,0,1,,,,,,,,,
33238559,0,0,0,0,1,,,,,,,,,
33238560,0,1,0,0,1,,,,,,,,,
33238819,0,1,0,0,1,,,,,,,,,
33238820,0,1,0,0,1,,,,,,,,,
33238821,0,1,0,0,1,,,,,,,,,
33238823,0,1,0,0,1,,,,,,,,,
33238825,0,1,0,0,1,,,,,,,,,
33238827,0,1,0,0,1,,,,,,,,,
33238828,0,1,0,0,1,,,,,,,,,
33238829,0,1,0,0,1,,,,,,,,,
33238830,0,1,0,0,1,,,,,,,,,
33238831,0,1,0,0,1,,,,,,,,,
33238832,0,1,0,0,1,,,,,,,,,
33238833,0,1,0,0,1,,,,,,,,,
33238834,0,1,0,0,1,,,,,,,,,
33238835,0,0,0,0,1,,,,,,,,,
33238836,0,0,0,0,1,,,,,,,,,
33238837,0,0,0,0,1,,,,,,,,,
33238838,0,0,0,0,1,,,,,,,,,
33239497,0,1,0,0,1,,,,,,,,,
33239498,0,1,0,0,1,,,,,,,,,
33239499,0,1,0,0,1,,,,,,,,,
33239501,0,1,0,0,1,,,,,,,,,
33239503,0,1,0,0,1,,,,,,,,,
33239505,0,1,0,0,1,,,,,,,,,
33239506,0,1,0,0,1,,,,,,,,,
33239507,0,1,0,0,1,,,,,,,,,
33239508,0,1,0,0,1,,,,,,,,,
33239509,0,1,0,0,1,,,,,,,,,
33239510,0,1,0,0,1,,,,,,,,,
33239511,0,1,0,0,1,,,,,,,,,
33239512,0,0,0,0,1,,,,,,,,,
33239513,0,0,0,0,1,,,,,,,,,
33239514,0,0,0,0,1,,,,,,,,,
33239515,0,0,0,0,1,,,,,,,,,
33239516,0,0,0,0,1,,,,,,,,,
33238779,0,1,0,0,1,,,,,,,,,
33238780,0,1,0,0,1,,,,,,,,,
33238781,0,1,0,0,1,,,,,,,,,
33238783,0,1,0,0,1,,,,,,,,,
33238785,0,1,0,0,1,,,,,,,,,
33238787,0,1,0,0,1,,,,,,,,,
33238788,0,1,0,0,1,,,,,,,,,
33238789,0,1,0,0,1,,,,,,,,,
33238790,0,1,0,0,1,,,,,,,,,
33238791,0,1,0,0,1,,,,,,,,,
33238792,0,1,0,0,1,,,,,,,,,
33238793,0,1,0,0,1,,,,,,,,,
33238794,0,1,0,0,1,,,,,,,,,
33238795,0,0,0,0,1,,,,,,,,,
33238796,0,0,0,0,1,,,,,,,,,
33238797,0,0,0,0,1,,,,,,,,,
33238798,0,0,0,0,1,,,,,,,,,
33238959,0,1,0,0,1,,,,,,,,,
33238960,0,1,0,0,1,,,,,,,,,
33238961,0,1,0,0,1,,,,,,,,,
33238963,0,1,0,0,1,,,,,,,,,
33238965,0,1,0,0,1,,,,,,,,,
33238967,0,1,0,0,1,,,,,,,,,
33238968,0,1,0,0,1,,,,,,,,,
33238969,0,1,0,0,1,,,,,,,,,
33238970,0,1,0,0,1,,,,,,,,,
33238971,0,1,0,0,1,,,,,,,,,
33238972,0,1,0,0,1,,,,,,,,,
33238973,0,1,0,0,1,,,,,,,,,
33238974,0,1,0,0,1,,,,,,,,,
33238975,0,1,0,0,1,,,,,,,,,
33238976,0,0,0,0,1,,,,,,,,,
33238977,0,0,0,0,1,,,,,,,,,
33238978,0,0,0,0,1,,,,,,,,,
33239039,0,1,0,0,1,,,,,,,,,
33239040,0,1,0,0,1,,,,,,,,,
33239041,0,1,0,0,1,,,,,,,,,
33239043,0,1,0,0,1,,,,,,,,,
33239045,0,1,0,0,1,,,,,,,,,
33239047,0,1,0,0,1,,,,,,,,,
33239048,0,1,0,0,1,,,,,,,,,
33239049,0,1,0,0,1,,,,,,,,,
33239050,0,1,0,0,1,,,,,,,,,
33239051,0,1,0,0,1,,,,,,,,,
33239052,0,1,0,0,1,,,,,,,,,
33239053,0,1,0,0,1,,,,,,,,,
33239054,0,1,0,0,1,,,,,,,,,
33239055,0,1,0,0,1,,,,,,,,,
33239056,0,0,0,0,1,,,,,,,,,
33239057,0,0,0,0,1,,,,,,,,,
33239058,0,0,0,0,1,,,,,,,,,
33239657,0,1,0,0,1,,,,,,,,,
33239658,0,1,0,0,1,,,,,,,,,
33239659,0,1,0,0,1,,,,,,,,,
33239661,0,1,0,0,1,,,,,,,,,
33239663,0,1,0,0,1,,,,,,,,,
33239665,0,1,0,0,1,,,,,,,,,
33239666,0,1,0,0,1,,,,,,,,,
33239667,0,1,0,0,1,,,,,,,,,
33239668,0,1,0,0,1,,,,,,,,,
33239669,0,1,0,0,1,,,,,,,,,
33239670,0,1,0,0,1,,,,,,,,,
33239671,0,1,0,0,1,,,,,,,,,
33239672,0,1,0,0,1,,,,,,,,,
33239673,0,1,0,0,1,,,,,,,,,
33239674,0,0,0,0,1,,,,,,,,,
33239675,0,0,0,0,1,,,,,,,,,
33239676,0,0,0,0,1,,,,,,,,,
33239059,0,1,0,0,1,,,,,,,,,
33239060,0,1,0,0,1,,,,,,,,,
33239061,0,1,0,0,1,,,,,,,,,
33239063,0,1,0,0,1,,,,,,,,,
33239065,0,1,0,0,1,,,,,,,,,
33239067,0,1,0,0,1,,,,,,,,,
33239068,0,1,0,0,1,,,,,,,,,
33239069,0,1,0,0,1,,,,,,,,,
33239070,0,1,0,0,1,,,,,,,,,
33239071,0,1,0,0,1,,,,,,,,,
33239072,0,1,0,0,1,,,,,,,,,
33239073,0,0,0,0,1,,,,,,,,,
33239074,0,0,0,0,1,,,,,,,,,
33239075,0,0,0,0,1,,,,,,,,,
33239076,0,0,0,0,1,,,,,,,,,
33239077,0,0,0,0,1,,,,,,,,,
33239078,0,0,0,0,1,,,,,,,,,
33239637,0,1,0,0,1,,,,,,,,,
33239638,0,1,0,0,1,,,,,,,,,
33239639,0,1,0,0,1,,,,,,,,,
33239641,0,1,0,0,1,,,,,,,,,
33239643,0,1,0,0,1,,,,,,,,,
33239645,0,1,0,0,1,,,,,,,,,
33239646,0,1,0,0,1,,,,,,,,,
33239647,0,1,0,0,1,,,,,,,,,
33239648,0,1,0,0,1,,,,,,,,,
33239649,0,1,0,0,1,,,,,,,,,
33239650,0,1,0,0,1,,,,,,,,,
33239651,0,1,0,0,1,,,,,,,,,
33239652,0,1,0,0,1,,,,,,,,,
33239653,0,1,0,0,1,,,,,,,,,
33239654,0,0,0,0,1,,,,,,,,,
33239655,0,0,0,0,1,,,,,,,,,
33239656,0,0,0,0,1,,,,,,,,,
33239517,0,1,0,0,1,,,,,,,,,
33239518,0,1,0,0,1,,,,,,,,,
33239519,0,1,0,0,1,,,,,,,,,
33239521,0,1,0,0,1,,,,,,,,,
33239523,0,1,0,0,1,,,,,,,,,
33239525,0,1,0,0,1,,,,,,,,,
33239526,0,1,0,0,1,,,,,,,,,
33239527,0,1,0,0,1,,,,,,,,,
33239528,0,1,0,0,1,,,,,,,,,
33239529,0,1,0,0,1,,,,,,,,,
33239530,0,1,0,0,1,,,,,,,,,
33239531,0,1,0,0,1,,,,,,,,,
33239532,0,1,0,0,1,,,,,,,,,
33239533,0,0,0,0,1,,,,,,,,,
33239534,0,0,0,0,1,,,,,,,,,
33239535,0,0,0,0,1,,,,,,,,,
33239536,0,0,0,0,1,,,,,,,,,
33239617,0,1,0,0,1,,,,,,,,,
33239618,0,1,0,0,1,,,,,,,,,
33239619,0,1,0,0,1,,,,,,,,,
33239623,0,1,0,0,1,,,,,,,,,
33239625,0,1,0,0,1,,,,,,,,,
33239626,0,1,0,0,1,,,,,,,,,
33239627,0,1,0,0,1,,,,,,,,,
33239628,0,1,0,0,1,,,,,,,,,
33239629,0,1,0,0,1,,,,,,,,,
33239630,0,1,0,0,1,,,,,,,,,
33239631,0,1,0,0,1,,,,,,,,,
33239632,0,1,0,0,1,,,,,,,,,
33239633,0,1,0,0,1,,,,,,,,,
33239634,0,0,0,0,1,,,,,,,,,
33239635,0,0,0,0,1,,,,,,,,,
33239636,0,0,0,0,1,,,,,,,,,
33238999,0,1,0,0,1,,,,,,,,,
33239000,0,1,0,0,1,,,,,,,,,
33239001,0,1,0,0,1,,,,,,,,,
33239003,0,1,0,0,1,,,,,,,,,
33239005,0,1,0,0,1,,,,,,,,,
33239007,0,1,0,0,1,,,,,,,,,
33239008,0,1,0,0,1,,,,,,,,,
33239009,0,1,0,0,1,,,,,,,,,
33239010,0,1,0,0,1,,,,,,,,,
33239011,0,1,0,0,1,,,,,,,,,
33239012,0,1,0,0,1,,,,,,,,,
33239013,0,0,0,0,1,,,,,,,,,
33239014,0,0,0,0,1,,,,,,,,,
33239015,0,0,0,0,1,,,,,,,,,
33239016,0,0,0,0,1,,,,,,,,,
33239017,0,0,0,0,1,,,,,,,,,
33239018,0,0,0,0,1,,,,,,,,,
33239597,0,1,0,0,1,,,,,,,,,
33239598,0,1,0,0,1,,,,,,,,,
33239599,0,1,0,0,1,,,,,,,,,
33239601,0,1,0,0,1,,,,,,,,,
33239603,0,1,0,0,1,,,,,,,,,
33239605,0,1,0,0,1,,,,,,,,,
33239606,0,1,0,0,1,,,,,,,,,
33239607,0,1,0,0,1,,,,,,,,,
33239608,0,1,0,0,1,,,,,,,,,
33239609,0,1,0,0,1,,,,,,,,,
33239610,0,0,0,0,1,,,,,,,,,
33239611,0,0,0,0,1,,,,,,,,,
33239612,0,0,0,0,1,,,,,,,,,
33239613,0,0,0,0,1,,,,,,,,,
33239614,0,0,0,0,1,,,,,,,,,
33239615,0,0,0,0,1,,,,,,,,,
33239616,0,0,0,0,1,,,,,,,,,
33239279,0,1,0,0,1,,,,,,,,,
33239280,0,1,0,0,1,,,,,,,,,
33239281,0,1,0,0,1,,,,,,,,,
33239283,0,1,0,0,1,,,,,,,,,
33239285,0,1,0,0,1,,,,,,,,,
33239287,0,1,0,0,1,,,,,,,,,
33239288,0,1,0,0,1,,,,,,,,,
33239289,0,1,0,0,1,,,,,,,,,
33239290,0,1,0,0,1,,,,,,,,,
33239291,0,1,0,0,1,,,,,,,,,
33239292,0,1,0,0,1,,,,,,,,,
33239293,0,1,0,0,1,,,,,,,,,
33239294,0,1,0,0,1,,,,,,,,,
33239295,0,0,0,0,1,,,,,,,,,
33239296,0,0,0,0,1,,,,,,,,,
33239297,0,0,0,0,1,,,,,,,,,
33239298,0,0,0,0,1,,,,,,,,,
33239199,0,1,0,0,1,,,,,,,,,
33239200,0,1,0,0,1,,,,,,,,,
33239201,0,1,0,0,1,,,,,,,,,
33239203,0,1,0,0,1,,,,,,,,,
33239205,0,1,0,0,1,,,,,,,,,
33239207,0,1,0,0,1,,,,,,,,,
33239208,0,1,0,0,1,,,,,,,,,
33239209,0,1,0,0,1,,,,,,,,,
33239210,0,1,0,0,1,,,,,,,,,
33239211,0,1,0,0,1,,,,,,,,,
33239212,0,1,0,0,1,,,,,,,,,
33239213,0,1,0,0,1,,,,,,,,,
33239214,0,1,0,0,1,,,,,,,,,
33239215,0,0,0,0,1,,,,,,,,,
33239216,0,0,0,0,1,,,,,,,,,
33239217,0,0,0,0,1,,,,,,,,,
33239218,0,0,0,0,1,,,,,,,,,
33239677,0,1,0,0,1,,,,,,,,,
33239678,0,1,0,0,1,,,,,,,,,
33239679,0,1,0,0,1,,,,,,,,,
33239681,0,1,0,0,1,,,,,,,,,
33239683,0,1,0,0,1,,,,,,,,,
33239685,0,1,0,0,1,,,,,,,,,
33239686,0,1,0,0,1,,,,,,,,,
33239687,0,1,0,0,1,,,,,,,,,
33239688,0,1,0,0,1,,,,,,,,,
33239689,0,1,0,0,1,,,,,,,,,
33239690,0,1,0,0,1,,,,,,,,,
33239691,0,0,0,0,1,,,,,,,,,
33239692,0,0,0,0,1,,,,,,,,,
33239693,0,0,0,0,1,,,,,,,,,
33239694,0,0,0,0,1,,,,,,,,,
33239695,0,0,0,0,1,,,,,,,,,
33239696,0,0,0,0,1,,,,,,,,,
33239417,0,1,0,0,1,,,,,,,,,
33239418,0,1,0,0,1,,,,,,,,,
33239419,0,1,0,0,1,,,,,,,,,
33239421,0,1,0,0,1,,,,,,,,,
33239423,0,1,0,0,1,,,,,,,,,
33239425,0,1,0,0,1,,,,,,,,,
33239426,0,1,0,0,1,,,,,,,,,
33239427,0,1,0,0,1,,,,,,,,,
33239428,0,1,0,0,1,,,,,,,,,
33239429,0,1,0,0,1,,,,,,,,,
33239430,0,1,0,0,1,,,,,,,,,
33239431,0,1,0,0,1,,,,,,,,,
33239432,0,1,0,0,1,,,,,,,,,
33239433,0,1,0,0,1,,,,,,,,,
33239434,0,0,0,0,1,,,,,,,,,
33239435,0,0,0,0,1,,,,,,,,,
33239436,0,0,0,0,1,,,,,,,,,
33239477,0,1,0,0,1,,,,,,,,,
33239478,0,1,0,0,1,,,,,,,,,
33239479,0,1,0,0,1,,,,,,,,,
33239481,0,1,0,0,1,,,,,,,,,
33239483,0,1,0,0,1,,,,,,,,,
33239485,0,1,0,0,1,,,,,,,,,
33239486,0,1,0,0,1,,,,,,,,,
33239487,0,1,0,0,1,,,,,,,,,
33239488,0,1,0,0,1,,,,,,,,,
33239489,0,1,0,0,1,,,,,,,,,
33239490,0,1,0,0,1,,,,,,,,,
33239491,0,1,0,0,1,,,,,,,,,
33239492,0,1,0,0,1,,,,,,,,,
33239493,0,1,0,0,1,,,,,,,,,
33239494,0,0,0,0,1,,,,,,,,,
33239495,0,0,0,0,1,,,,,,,,,
33239496,0,0,0,0,1,,,,,,,,,
33239697,0,1,0,0,1,,,,,,,,,
33239698,0,1,0,0,1,,,,,,,,,
33239699,0,1,0,0,1,,,,,,,,,
33239701,0,1,0,0,1,,,,,,,,,
33239703,0,1,0,0,1,,,,,,,,,
33239705,0,1,0,0,1,,,,,,,,,
33239706,0,1,0,0,1,,,,,,,,,
33239707,0,1,0,0,1,,,,,,,,,
33239708,0,1,0,0,1,,,,,,,,,
33239709,0,1,0,0,1,,,,,,,,,
33239710,0,1,0,0,1,,,,,,,,,
33239711,0,0,0,0,1,,,,,,,,,
33239712,0,0,0,0,1,,,,,,,,,
33239713,0,0,0,0,1,,,,,,,,,
33239714,0,0,0,0,1,,,,,,,,,
33239715,0,0,0,0,1,,,,,,,,,
33239716,0,0,0,0,1,,,,,,,,,
33238723,0,1,0,0,1,,,,,,,,,
33238725,0,1,0,0,1,,,,,,,,,
33238726,0,1,0,0,1,,,,,,,,,
33238727,0,1,0,0,1,,,,,,,,,
33238728,0,1,0,0,1,,,,,,,,,
33238729,0,0,0,0,1,,,,,,,,,
33238730,0,0,0,0,1,,,,,,,,,
33238731,0,0,0,0,1,,,,,,,,,
33238732,0,0,0,0,1,,,,,,,,,
33238733,0,0,0,0,1,,,,,,,,,
33238734,0,0,0,0,1,,,,,,,,,
33238735,0,0,0,0,1,,,,,,,,,
33238736,0,0,0,0,1,,,,,,,,,
33238737,0,0,0,0,1,,,,,,,,,
33238738,0,0,0,0,1,,,,,,,,,
33238740,0,1,0,0,1,,,,,,,,,
33238839,0,1,0,0,1,,,,,,,,,
33238840,0,1,0,0,1,,,,,,,,,
33238841,0,1,0,0,1,,,,,,,,,
33238843,0,1,0,0,1,,,,,,,,,
33238845,0,1,0,0,1,,,,,,,,,
33238847,0,1,0,0,1,,,,,,,,,
33238848,0,1,0,0,1,,,,,,,,,
33238849,0,1,0,0,1,,,,,,,,,
33238850,0,1,0,0,1,,,,,,,,,
33238851,0,1,0,0,1,,,,,,,,,
33238852,0,1,0,0,1,,,,,,,,,
33238853,0,1,0,0,1,,,,,,,,,
33238854,0,1,0,0,1,,,,,,,,,
33238855,0,0,0,0,1,,,,,,,,,
33238856,0,0,0,0,1,,,,,,,,,
33238857,0,0,0,0,1,,,,,,,,,
33238858,0,0,0,0,1,,,,,,,,,
33238615,0,1,0,0,1,,,,,,,,,
33238617,0,1,0,0,1,,,,,,,,,
33238618,0,1,0,0,1,,,,,,,,,
33238619,0,1,0,0,1,,,,,,,,,
33238620,0,1,0,0,1,,,,,,,,,
33238621,0,1,0,0,1,,,,,,,,,
33238622,0,1,0,0,1,,,,,,,,,
33238623,0,1,0,0,1,,,,,,,,,
33238624,0,1,0,0,1,,,,,,,,,
33238625,0,1,0,0,1,,,,,,,,,
33238626,0,1,0,0,1,,,,,,,,,
33238627,0,1,0,0,1,,,,,,,,,
33238628,0,1,0,0,1,,,,,,,,,
33238629,0,0,0,0,1,,,,,,,,,
33238630,0,0,0,0,1,,,,,,,,,
33238631,0,0,0,0,1,,,,,,,,,
33238632,0,1,0,0,1,,,,,,,,,
33239537,0,1,0,0,1,,,,,,,,,
33239538,0,1,0,0,1,,,,,,,,,
33239539,0,1,0,0,1,,,,,,,,,
33239541,0,1,0,0,1,,,,,,,,,
33239543,0,1,0,0,1,,,,,,,,,
33239545,0,1,0,0,1,,,,,,,,,
33239546,0,1,0,0,1,,,,,,,,,
33239547,0,1,0,0,1,,,,,,,,,
33239548,0,1,0,0,1,,,,,,,,,
33239549,0,1,0,0,1,,,,,,,,,
33239550,0,1,0,0,1,,,,,,,,,
33239551,0,0,0,0,1,,,,,,,,,
33239552,0,0,0,0,1,,,,,,,,,
33239553,0,0,0,0,1,,,,,,,,,
33239554,0,0,0,0,1,,,,,,,,,
33239555,0,0,0,0,1,,,,,,,,,
33239556,0,0,0,0,1,,,,,,,,,
33238979,0,1,0,0,1,,,,,,,,,
33238980,0,1,0,0,1,,,,,,,,,
33238981,0,1,0,0,1,,,,,,,,,
33238983,0,1,0,0,1,,,,,,,,,
33238985,0,1,0,0,1,,,,,,,,,
33238987,0,1,0,0,1,,,,,,,,,
33238988,0,1,0,0,1,,,,,,,,,
33238989,0,1,0,0,1,,,,,,,,,
33238990,0,1,0,0,1,,,,,,,,,
33238991,0,1,0,0,1,,,,,,,,,
33238992,0,1,0,0,1,,,,,,,,,
33238993,0,1,0,0,1,,,,,,,,,
33238994,0,1,0,0,1,,,,,,,,,
33238995,0,0,0,0,1,,,,,,,,,
33238996,0,0,0,0,1,,,,,,,,,
33238997,0,0,0,0,1,,,,,,,,,
33238998,0,0,0,0,1,,,,,,,,,
33239119,0,1,0,0,1,,,,,,,,,
33239120,0,1,0,0,1,,,,,,,,,
33239121,0,1,0,0,1,,,,,,,,,
33239123,0,1,0,0,1,,,,,,,,,
33239125,0,1,0,0,1,,,,,,,,,
33239127,0,1,0,0,1,,,,,,,,,
33239128,0,1,0,0,1,,,,,,,,,
33239129,0,1,0,0,1,,,,,,,,,
33239130,0,1,0,0,1,,,,,,,,,
33239131,0,1,0,0,1,,,,,,,,,
33239132,0,1,0,0,1,,,,,,,,,
33239133,0,1,0,0,1,,,,,,,,,
33239134,0,0,0,0,1,,,,,,,,,
33239135,0,0,0,0,1,,,,,,,,,
33239136,0,0,0,0,1,,,,,,,,,
33239137,0,0,0,0,1,,,,,,,,,
33239138,0,0,0,0,1,,,,,,,,,
33238919,0,1,0,0,1,,,,,,,,,
33238920,0,1,0,0,1,,,,,,,,,
33238921,0,1,0,0,1,,,,,,,,,
33238923,0,1,0,0,1,,,,,,,,,
33238925,0,1,0,0,1,,,,,,,,,
33238927,0,1,0,0,1,,,,,,,,,
33238928,0,1,0,0,1,,,,,,,,,
33238929,0,1,0,0,1,,,,,,,,,
33238930,0,1,0,0,1,,,,,,,,,
33238931,0,1,0,0,1,,,,,,,,,
33238932,0,1,0,0,1,,,,,,,,,
33238933,0,1,0,0,1,,,,,,,,,
33238934,0,1,0,0,1,,,,,,,,,
33238935,0,0,0,0,1,,,,,,,,,
33238936,0,0,0,0,1,,,,,,,,,
33238937,0,0,0,0,1,,,,,,,,,
33238938,0,1,0,0,1,,,,,,,,,
33238759,0,1,0,0,1,,,,,,,,,
33238760,0,1,0,0,1,,,,,,,,,
33238761,0,1,0,0,1,,,,,,,,,
33238763,0,1,0,0,1,,,,,,,,,
33238765,0,1,0,0,1,,,,,,,,,
33238767,0,1,0,0,1,,,,,,,,,
33238768,0,1,0,0,1,,,,,,,,,
33238769,0,1,0,0,1,,,,,,,,,
33238770,0,1,0,0,1,,,,,,,,,
33238771,0,1,0,0,1,,,,,,,,,
33238772,0,0,0,0,1,,,,,,,,,
33238773,0,0,0,0,1,,,,,,,,,
33238774,0,0,0,0,1,,,,,,,,,
33238775,0,0,0,0,1,,,,,,,,,
33238776,0,0,0,0,1,,,,,,,,,
33238777,0,0,0,0,1,,,,,,,,,
33238778,0,0,0,0,1,,,,,,,,,
33238633,0,1,0,0,1,,,,,,,,,
33238635,0,1,0,0,1,,,,,,,,,
33238636,0,1,0,0,1,,,,,,,,,
33238637,0,1,0,0,1,,,,,,,,,
33238638,0,1,0,0,1,,,,,,,,,
33238639,0,1,0,0,1,,,,,,,,,
33238640,0,1,0,0,1,,,,,,,,,
33238641,0,1,0,0,1,,,,,,,,,
33238642,0,1,0,0,1,,,,,,,,,
33238643,0,1,0,0,1,,,,,,,,,
33238644,0,1,0,0,1,,,,,,,,,
33238645,0,1,0,0,1,,,,,,,,,
33238646,0,1,0,0,1,,,,,,,,,
33238647,0,0,0,0,1,,,,,,,,,
33238648,0,0,0,0,1,,,,,,,,,
33238649,0,0,0,0,1,,,,,,,,,
33238650,0,1,0,0,1,,,,,,,,,
33239339,0,1,0,0,1,,,,,,,,,
33239340,0,1,0,0,1,,,,,,,,,
33239341,0,1,0,0,1,,,,,,,,,
33239343,0,1,0,0,1,,,,,,,,,
33239345,0,1,0,0,1,,,,,,,,,
33239347,0,1,0,0,1,,,,,,,,,
33239348,0,1,0,0,1,,,,,,,,,
33239349,0,1,0,0,1,,,,,,,,,
33239350,0,1,0,0,1,,,,,,,,,
33239351,0,1,0,0,1,,,,,,,,,
33239352,0,1,0,0,1,,,,,,,,,
33239353,0,1,0,0,1,,,,,,,,,
33239354,0,1,0,0,1,,,,,,,,,
33239355,0,1,0,0,1,,,,,,,,,
33239356,0,0,0,0,1,,,,,,,,,
33239357,0,0,0,0,1,,,,,,,,,
33239358,0,0,0,0,1,,,,,,,,,
33239239,0,1,0,0,1,,,,,,,,,
33239240,0,1,0,0,1,,,,,,,,,
33239241,0,1,0,0,1,,,,,,,,,
33239243,0,1,0,0,1,,,,,,,,,
33239245,0,1,0,0,1,,,,,,,,,
33239247,0,1,0,0,1,,,,,,,,,
33239248,0,1,0,0,1,,,,,,,,,
33239249,0,1,0,0,1,,,,,,,,,
33239250,0,1,0,0,1,,,,,,,,,
33239251,0,1,0,0,1,,,,,,,,,
33239252,0,1,0,0,1,,,,,,,,,
33239253,0,0,0,0,1,,,,,,,,,
33239254,0,0,0,0,1,,,,,,,,,
33239255,0,0,0,0,1,,,,,,,,,
33239256,0,0,0,0,1,,,,,,,,,
33239257,0,1,0,0,1,,,,,,,,,
33239258,0,0,0,0,1,,,,,,,,,
33239377,0,1,0,0,1,,,,,,,,,
33239378,0,1,0,0,1,,,,,,,,,
33239379,0,1,0,0,1,,,,,,,,,
33239381,0,1,0,0,1,,,,,,,,,
33239383,0,1,0,0,1,,,,,,,,,
33239385,0,1,0,0,1,,,,,,,,,
33239386,0,1,0,0,1,,,,,,,,,
33239387,0,1,0,0,1,,,,,,,,,
33239388,0,1,0,0,1,,,,,,,,,
33239389,0,1,0,0,1,,,,,,,,,
33239390,0,1,0,0,1,,,,,,,,,
33239391,0,1,0,0,1,,,,,,,,,
33239392,0,1,0,0,1,,,,,,,,,
33239393,0,1,0,0,1,,,,,,,,,
33239394,0,0,0,0,1,,,,,,,,,
33239395,0,0,0,0,1,,,,,,,,,
33239396,0,0,0,0,1,,,,,,,,,
33239457,0,1,0,0,1,,,,,,,,,
33239458,0,1,0,0,1,,,,,,,,,
33239459,0,1,0,0,1,,,,,,,,,
33239461,0,1,0,0,1,,,,,,,,,
33239463,0,1,0,0,1,,,,,,,,,
33239465,0,1,0,0,1,,,,,,,,,
33239466,0,1,0,0,1,,,,,,,,,
33239467,0,1,0,0,1,,,,,,,,,
33239468,0,1,0,0,1,,,,,,,,,
33239469,0,1,0,0,1,,,,,,,,,
33239470,0,1,0,0,1,,,,,,,,,
33239471,0,1,0,0,1,,,,,,,,,
33239472,0,1,0,0,1,,,,,,,,,
33239473,0,1,0,0,1,,,,,,,,,
33239474,0,0,0,0,1,,,,,,,,,
33239475,0,0,0,0,1,,,,,,,,,
33239476,0,0,0,0,1,,,,,,,,,
33238939,0,1,0,0,1,,,,,,,,,
33238940,0,1,0,0,1,,,,,,,,,
33238941,0,1,0,0,1,,,,,,,,,
33238943,0,1,0,0,1,,,,,,,,,
33238945,0,1,0,0,1,,,,,,,,,
33238947,0,1,0,0,1,,,,,,,,,
33238948,0,1,0,0,1,,,,,,,,,
33238949,0,1,0,0,1,,,,,,,,,
33238950,0,1,0,0,1,,,,,,,,,
33238951,0,1,0,0,1,,,,,,,,,
33238952,0,1,0,0,1,,,,,,,,,
33238953,0,1,0,0,1,,,,,,,,,
33238954,0,0,0,0,1,,,,,,,,,
33238955,0,0,0,0,1,,,,,,,,,
33238956,0,0,0,0,1,,,,,,,,,
33238957,0,0,0,0,1,,,,,,,,,
33238958,0,0,0,0,1,,,,,,,,,
33238705,0,1,0,0,1,,,,,,,,,
33238707,0,1,0,0,1,,,,,,,,,
33238708,0,1,0,0,1,,,,,,,,,
33238709,0,1,0,0,1,,,,,,,,,
33238710,0,1,0,0,1,,,,,,,,,
33238711,0,1,0,0,1,,,,,,,,,
33238712,0,1,0,0,1,,,,,,,,,
33238713,0,1,0,0,1,,,,,,,,,
33238714,0,1,0,0,1,,,,,,,,,
33238715,0,1,0,0,1,,,,,,,,,
33238716,0,1,0,0,1,,,,,,,,,
33238717,0,1,0,0,1,,,,,,,,,
33238718,0,1,0,0,1,,,,,,,,,
33238719,0,0,0,0,1,,,,,,,,,
33238720,0,0,0,0,1,,,,,,,,,
33238721,0,0,0,0,1,,,,,,,,,
33238722,0,1,0,0,1,,,,,,,,,
33238741,0,1,0,0,1,,,,,,,,,
33238743,0,1,0,0,1,,,,,,,,,
33238744,0,1,0,0,1,,,,,,,,,
33238745,0,1,0,0,1,,,,,,,,,
33238746,0,1,0,0,1,,,,,,,,,
33238747,0,1,0,0,1,,,,,,,,,
33238748,0,1,0,0,1,,,,,,,,,
33238749,0,1,0,0,1,,,,,,,,,
33238750,0,1,0,0,1,,,,,,,,,
33238751,0,1,0,0,1,,,,,,,,,
33238752,0,1,0,0,1,,,,,,,,,
33238753,0,1,0,0,1,,,,,,,,,
33238754,0,1,0,0,1,,,,,,,,,
33238755,0,0,0,0,1,,,,,,,,,
33238756,0,0,0,0,1,,,,,,,,,
33238757,0,0,0,0,1,,,,,,,,,
33238758,0,1,0,0,1,,,,,,,,,
33239079,0,1,0,0,1,,,,,,,,,
33239080,0,1,0,0,1,,,,,,,,,
33239081,0,1,0,0,1,,,,,,,,,
33239083,0,1,0,0,1,,,,,,,,,
33239085,0,1,0,0,1,,,,,,,,,
33239087,0,1,0,0,1,,,,,,,,,
33239088,0,1,0,0,1,,,,,,,,,
33239089,0,1,0,0,1,,,,,,,,,
33239090,0,1,0,0,1,,,,,,,,,
33239091,0,1,0,0,1,,,,,,,,,
33239092,0,1,0,0,1,,,,,,,,,
33239093,0,1,0,0,1,,,,,,,,,
33239094,0,0,0,0,1,,,,,,,,,
33239095,0,0,0,0,1,,,,,,,,,
33239096,0,0,0,0,1,,,,,,,,,
33239097,0,0,0,0,1,,,,,,,,,
33239098,0,0,0,0,1,,,,,,,,,
33238651,0,1,0,0,1,,,,,,,,,
33238653,0,1,0,0,1,,,,,,,,,
33238654,0,1,0,0,1,,,,,,,,,
33238655,0,1,0,0,1,,,,,,,,,
33238656,0,1,0,0,1,,,,,,,,,
33238657,0,1,0,0,1,,,,,,,,,
33238658,0,1,0,0,1,,,,,,,,,
33238659,0,1,0,0,1,,,,,,,,,
33238660,0,1,0,0,1,,,,,,,,,
33238661,0,1,0,0,1,,,,,,,,,
33238662,0,1,0,0,1,,,,,,,,,
33238663,0,1,0,0,1,,,,,,,,,
33238664,0,1,0,0,1,,,,,,,,,
33238665,0,0,0,0,1,,,,,,,,,
33238666,0,0,0,0,1,,,,,,,,,
33238667,0,0,0,0,1,,,,,,,,,
33238668,0,1,0,0,1,,,,,,,,,
33239299,0,1,0,0,1,,,,,,,,,
33239300,0,1,0,0,1,,,,,,,,,
33239301,0,1,0,0,1,,,,,,,,,
33239303,0,1,0,0,1,,,,,,,,,
33239305,0,1,0,0,1,,,,,,,,,
33239307,0,1,0,0,1,,,,,,,,,
33239308,0,1,0,0,1,,,,,,,,,
33239309,0,1,0,0,1,,,,,,,,,
33239310,0,1,0,0,1,,,,,,,,,
33239311,0,1,0,0,1,,,,,,,,,
33239312,0,1,0,0,1,,,,,,,,,
33239313,0,1,0,0,1,,,,,,,,,
33239314,0,0,0,0,1,,,,,,,,,
33239315,0,0,0,0,1,,,,,,,,,
33239316,0,0,0,0,1,,,,,,,,,
33239317,0,0,0,0,1,,,,,,,,,
33239318,0,0,0,0,1,,,,,,,,,
33238597,0,1,0,0,1,,,,,,,,,
33238599,0,1,0,0,1,,,,,,,,,
33238600,0,1,0,0,1,,,,,,,,,
33238601,0,1,0,0,1,,,,,,,,,
33238602,0,1,0,0,1,,,,,,,,,
33238603,0,1,0,0,1,,,,,,,,,
33238604,0,1,0,0,1,,,,,,,,,
33238605,0,1,0,0,1,,,,,,,,,
33238606,0,1,0,0,1,,,,,,,,,
33238607,0,1,0,0,1,,,,,,,,,
33238608,0,1,0,0,1,,,,,,,,,
33238609,0,1,0,0,1,,,,,,,,,
33238610,0,1,0,0,1,,,,,,,,,
33238611,0,0,0,0,1,,,,,,,,,
33238612,0,0,0,0,1,,,,,,,,,
33238613,0,0,0,0,1,,,,,,,,,
33238614,0,1,0,0,1,,,,,,,,,
33238799,0,1,0,0,1,,,,,,,,,
33238800,0,1,0,0,1,,,,,,,,,
33238801,0,1,0,0,1,,,,,,,,,
33238803,0,1,0,0,1,,,,,,,,,
33238805,0,1,0,0,1,,,,,,,,,
33238807,0,1,0,0,1,,,,,,,,,
33238808,0,1,0,0,1,,,,,,,,,
33238809,0,1,0,0,1,,,,,,,,,
33238810,0,1,0,0,1,,,,,,,,,
33238811,0,1,0,0,1,,,,,,,,,
33238812,0,1,0,0,1,,,,,,,,,
33238813,0,1,0,0,1,,,,,,,,,
33238814,0,1,0,0,1,,,,,,,,,
33238815,0,0,0,0,1,,,,,,,,,
33238816,0,0,0,0,1,,,,,,,,,
33238817,0,0,0,0,1,,,,,,,,,
33238818,0,1,0,0,1,,,,,,,,,
33238899,0,1,0,0,1,,,,,,,,,
33238900,0,1,0,0,1,,,,,,,,,
33238901,0,1,0,0,1,,,,,,,,,
33238903,0,1,0,0,1,,,,,,,,,
33238905,0,1,0,0,1,,,,,,,,,
33238907,0,1,0,0,1,,,,,,,,,
33238908,0,1,0,0,1,,,,,,,,,
33238909,0,1,0,0,1,,,,,,,,,
33238910,0,1,0,0,1,,,,,,,,,
33238911,0,1,0,0,1,,,,,,,,,
33238912,0,1,0,0,1,,,,,,,,,
33238913,0,1,0,0,1,,,,,,,,,
33238914,0,1,0,0,1,,,,,,,,,
33238915,0,0,0,0,1,,,,,,,,,
33238916,0,0,0,0,1,,,,,,,,,
33238917,0,0,0,0,1,,,,,,,,,
33238918,0,0,0,0,1,,,,,,,,,
33239139,0,1,0,0,1,,,,,,,,,
33239140,0,1,0,0,1,,,,,,,,,
33239141,0,1,0,0,1,,,,,,,,,
33239143,0,1,0,0,1,,,,,,,,,
33239145,0,1,0,0,1,,,,,,,,,
33239147,0,1,0,0,1,,,,,,,,,
33239148,0,1,0,0,1,,,,,,,,,
33239149,0,1,0,0,1,,,,,,,,,
33239150,0,1,0,0,1,,,,,,,,,
33239151,0,1,0,0,1,,,,,,,,,
33239152,0,1,0,0,1,,,,,,,,,
33239153,0,1,0,0,1,,,,,,,,,
33239154,0,1,0,0,1,,,,,,,,,
33239155,0,1,0,0,1,,,,,,,,,
33239156,0,0,0,0,1,,,,,,,,,
33239157,0,0,0,0,1,,,,,,,,,
33239158,0,0,0,0,1,,,,,,,,,
33238669,0,1,0,0,1,,,,,,,,,
33238671,0,1,0,0,1,,,,,,,,,
33238672,0,1,0,0,1,,,,,,,,,
33238673,0,1,0,0,1,,,,,,,,,
33238674,0,1,0,0,1,,,,,,,,,
33238675,0,1,0,0,1,,,,,,,,,
33238676,0,1,0,0,1,,,,,,,,,
33238677,0,1,0,0,1,,,,,,,,,
33238678,0,1,0,0,1,,,,,,,,,
33238679,0,1,0,0,1,,,,,,,,,
33238680,0,1,0,0,1,,,,,,,,,
33238681,0,0,0,0,1,,,,,,,,,
33238682,0,0,0,0,1,,,,,,,,,
33238683,0,0,0,0,1,,,,,,,,,
33238684,0,0,0,0,1,,,,,,,,,
33238685,0,1,0,0,1,,,,,,,,,
33238686,0,1,0,0,1,,,,,,,,,
33239099,0,1,0,0,1,,,,,,,,,
33239100,0,1,0,0,1,,,,,,,,,
33239101,0,1,0,0,1,,,,,,,,,
33239103,0,1,0,0,1,,,,,,,,,
33239105,0,1,0,0,1,,,,,,,,,
33239107,0,1,0,0,1,,,,,,,,,
33239108,0,1,0,0,1,,,,,,,,,
33239109,0,1,0,0,1,,,,,,,,,
33239110,0,1,0,0,1,,,,,,,,,
33239111,0,1,0,0,1,,,,,,,,,
33239112,0,1,0,0,1,,,,,,,,,
33239113,0,0,0,0,1,,,,,,,,,
33239114,0,0,0,0,1,,,,,,,,,
33239115,0,0,0,0,1,,,,,,,,,
33239116,0,0,0,0,1,,,,,,,,,
33239117,0,0,0,0,1,,,,,,,,,
33239118,0,0,0,0,1,,,,,,,,,
33239359,0,1,0,0,1,,,,,,,,,
33239360,0,1,0,0,1,,,,,,,,,
33239361,0,1,0,0,1,,,,,,,,,
33239363,0,1,0,0,1,,,,,,,,,
33239365,0,1,0,0,1,,,,,,,,,
33239367,0,0,0,0,1,,,,,,,,,
33239368,0,0,0,0,1,,,,,,,,,
33239369,0,0,0,0,1,,,,,,,,,
33239370,0,0,0,0,1,,,,,,,,,
33239371,0,0,0,0,1,,,,,,,,,
33239372,0,0,0,0,1,,,,,,,,,
33239373,0,0,0,0,1,,,,,,,,,
33239374,0,0,0,0,1,,,,,,,,,
33239375,0,0,0,0,1,,,,,,,,,
33239376,0,0,0,0,1,,,,,,,,,
33238561,0,1,0,0,1,,,,,,,,,
33238563,0,1,0,0,1,,,,,,,,,
33238564,0,1,0,0,1,,,,,,,,,
33238565,0,1,0,0,1,,,,,,,,,
33238566,0,1,0,0,1,,,,,,,,,
33238567,0,1,0,0,1,,,,,,,,,
33238568,0,1,0,0,1,,,,,,,,,
33238569,0,1,0,0,1,,,,,,,,,
33238570,0,1,0,0,1,,,,,,,,,
33238571,0,1,0,0,1,,,,,,,,,
33238572,0,1,0,0,1,,,,,,,,,
33238573,0,1,0,0,1,,,,,,,,,
33238574,0,1,0,0,1,,,,,,,,,
33238575,0,0,0,0,1,,,,,,,,,
33238576,0,0,0,0,1,,,,,,,,,
33238577,0,0,0,0,1,,,,,,,,,
33238578,0,1,0,0,1,,,,,,,,,
33239179,0,1,0,0,1,,,,,,,,,
33239180,0,1,0,0,1,,,,,,,,,
33239181,0,1,0,0,1,,,,,,,,,
33239183,0,1,0,0,1,,,,,,,,,
33239185,0,1,0,0,1,,,,,,,,,
33239187,0,1,0,0,1,,,,,,,,,
33239188,0,1,0,0,1,,,,,,,,,
33239189,0,1,0,0,1,,,,,,,,,
33239190,0,1,0,0,1,,,,,,,,,
33239191,0,1,0,0,1,,,,,,,,,
33239192,0,1,0,0,1,,,,,,,,,
33239193,0,1,0,0,1,,,,,,,,,
33239194,0,1,0,0,1,,,,,,,,,
33239195,0,1,0,0,1,,,,,,,,,
33239196,0,0,0,0,1,,,,,,,,,
33239197,0,0,0,0,1,,,,,,,,,
33239198,0,0,0,0,1,,,,,,,,,
33239319,0,1,0,0,1,,,,,,,,,
33239320,0,1,0,0,1,,,,,,,,,
33239321,0,1,0,0,1,,,,,,,,,
33239323,0,1,0,0,1,,,,,,,,,
33239325,0,1,0,0,1,,,,,,,,,
33239327,0,1,0,0,1,,,,,,,,,
33239328,0,1,0,0,1,,,,,,,,,
33239329,0,1,0,0,1,,,,,,,,,
33239330,0,1,0,0,1,,,,,,,,,
33239331,0,1,0,0,1,,,,,,,,,
33239332,0,1,0,0,1,,,,,,,,,
33239333,0,1,0,0,1,,,,,,,,,
33239334,0,1,0,0,1,,,,,,,,,
33239335,0,1,0,0,1,,,,,,,,,
33239336,0,0,0,0,1,,,,,,,,,
33239337,0,0,0,0,1,,,,,,,,,
33239338,0,0,0,0,1,,,,,,,,,
