[
  {
    "parameterName": "MODEL",
    "parameterDisplayName": "Model",
    "type": "selection",
    "datasource": "static",
    "defaultValue": "M1",
    "options": [
      "M1"
    ]
  },
  {
    "parameterName": "DOSINGTYPE",
    "parameterDisplayName": "Dosing Type",
    "type": "selection",
    "datasource": "static",
    "defaultValue": "SS",
    "options": [
      "SD",
      "SS"
    ]
  },
  {
    "parameterName": "AUCMETHOD",
    "parameterDisplayName": "AUC Method",
    "type": "selection",
    "datasource": "static",
    "defaultValue": "LINLOG",
    "options": [
      "LINLOG",
      "LIN",
      "LOG",
      "LINUP-LOGDOWN"
    ]
  },
  {
    "parameterName": "SDEID",
    "parameterDisplayName": "SDEID/Profile ID",
    "type": "selection",
    "datasource": "column",
    "defaultValue": "SDEID"
  },
  {
    "parameterName": "PKADT",
    "parameterDisplayName": "PKADT - Act Date",
    "type": "selection",
    "datasource": "column",
    "defaultValue": "PKADT"
  },
  {
    "parameterName": "PKATM",
    "parameterDisplayName": "PKATM - Act Time",
    "type": "selection",
    "datasource": "column",
    "defaultValue": "PKATM"
  },
  {
    "parameterName": "PKADTE",
    "parameterDisplayName": "PKADTE - Act End Date",
    "type": "selection",
    "datasource": "column",
    "defaultValue": "PKADTE",
    "category": "hidden"
  },
  {
    "parameterName": "PKATME",
    "parameterDisplayName": "PKATME - Act End Time",
    "type": "selection",
    "datasource": "column",
    "defaultValue": "PKATME",
    "category": "hidden"
  },
  {
    "parameterName": "DRGDATE",
    "parameterDisplayName": "DRGDATE - Dose Date",
    "type": "selection",
    "datasource": "column",
    "defaultValue": "DRGDATE"
  },
  {
    "parameterName": "DOSETIM",
    "parameterDisplayName": "DOSETIM - Dose Time",
    "type": "selection",
    "datasource": "column",
    "defaultValue": "DOSETIM"
  },
  {
    "parameterName": "DRGDATESTOP",
    "parameterDisplayName": "DRGDATESTOP - Dose Stop Date",
    "type": "selection",
    "datasource": "column",
    "defaultValue": "DRGDATESTOP",
    "category": "hidden"
  },
  {
    "parameterName": "DOSETIMESTOP",
    "parameterDisplayName": "DOSETIMESTOP - Dose Stop Time",
    "type": "selection",
    "datasource": "column",
    "defaultValue": "DOSETIMESTOP",
    "category": "hidden"
  },
  {
    "parameterName": "TIME",
    "parameterDisplayName": "Nominal/Actual Time Selection",
    "type": "selection",
    "datasource": "static",
    "defaultValue": "NOMINAL",
    "category": "variable",
    "options": [
      "NOMINAL",
      "ACTUAL"
    ]
  },
  {
    "parameterName": "NOMTIME",
    "parameterDisplayName": "Nominal Time Source",
    "type": "selection",
    "datasource": "column",
    "defaultValue": "PKPTMS",
    "category": "variable",
    "options": []
  },
  {
    "parameterName": "NOMTIMEU",
    "parameterDisplayName": "Nominal Time Units",
    "type": "selection",
    "datasource": "column",
    "defaultValue": "PKPTMU",
    "category": "variable",
    "options": []
  },
  {
    "parameterName": "NOMENDTIME",
    "parameterDisplayName": "Nominal End of Interval Time",
    "type": "selection",
    "datasource": "column",
    "defaultValue": "PKPTME",
    "category": "hidden",
    "options": []
  },
  {
    "parameterName": "NOMENDTIMEU",
    "parameterDisplayName": "Nominal End Time Source Units",
    "type": "selection",
    "datasource": "column",
    "defaultValue": "PKPTMU",
    "category": "hidden",
    "options": []
  },
  {
    "parameterName": "ACTTIME",
    "parameterDisplayName": "Actual Time Source",
    "type": "selection",
    "datasource": "column",
    "defaultValue": "PKATPD",
    "category": "variable",
    "options": []
  },
  {
    "parameterName": "ACTTIMEU",
    "parameterDisplayName": "Actual Time Units",
    "type": "selection",
    "datasource": "column",
    "defaultValue": "PKATPDU",
    "category": "variable",
    "options": []
  },
  {
    "parameterName": "ACTENDDATE",
    "parameterDisplayName": "Actual End of Interval Date",
    "type": "selection",
    "datasource": "column",
    "defaultValue": "PKADTE",
    "category": "hidden",
    "options": []
  },
  {
    "parameterName": "ACTENDTIME",
    "parameterDisplayName": "Actual End of Interval Time",
    "type": "selection",
    "datasource": "column",
    "defaultValue": "PKATPDE",
    "category": "hidden",
    "options": []
  },
  {
    "parameterName": "ACTENDTIMEU",
    "parameterDisplayName": "Actual End Time Units",
    "type": "selection",
    "datasource": "column",
    "defaultValue": "PKATPDEU",
    "category": "hidden",
    "options": []
  },
  {
    "parameterName": "CONC",
    "parameterDisplayName": "Concentration Numeric Value",
    "type": "selection",
    "datasource": "column",
    "defaultValue": "PKCNCN",
    "category": "variable",
    "options": []
  },
  {
    "parameterName": "CONCU",
    "parameterDisplayName": "Concentration Units",
    "type": "selection",
    "datasource": "column",
    "defaultValue": "PKCNCU",
    "category": "variable",
    "options": []
  },
  {
    "parameterName": "CONCRAW",
    "parameterDisplayName": "Concentration Raw value",
    "type": "selection",
    "datasource": "column",
    "defaultValue": "PKCNC",
    "category": "variable",
    "options": []
  },
  {
    "parameterName": "AMOUNT",
    "parameterDisplayName": "Amount",
    "type": "selection",
    "datasource": "column",
    "defaultValue": "",
    "category": "variable",
    "options": []
  },
  {
    "parameterName": "AMOUNTU",
    "parameterDisplayName": "Amount Units",
    "type": "selection",
    "datasource": "column",
    "defaultValue": "",
    "category": "variable",
    "options": []
  },
  {
    "parameterName": "DOSE1",
    "parameterDisplayName": "Dose1",
    "type": "selection",
    "datasource": "column",
    "defaultValue": "DOSE",
    "category": "variable",
    "options": [
      "DOSE",
      "DOSE1"
    ]
  },
  {
    "parameterName": "DOSE1U",
    "parameterDisplayName": "Dose1 Units",
    "type": "selection",
    "datasource": "column",
    "defaultValue": "DOSEUNI",
    "category": "variable",
    "options": [
      "DOSEU",
      "DOSEUNI",
      "DOSE1U"
    ]
  },
  {
    "parameterName": "TOLD1",
    "parameterDisplayName": "TOLD1",
    "type": "selection",
    "datasource": "column",
    "defaultValue": "TOLD1",
    "category": "variable",
    "options": [
      "TOLD",
      "TOLD1"
    ]
  },
  {
    "parameterName": "TOLD1U",
    "parameterDisplayName": "TOLD1 Units",
    "type": "selection",
    "datasource": "column",
    "defaultValue": "TOLD1U",
    "category": "variable",
    "options": [
      "TOLD1U",
      "TOLDU"
    ]
  },
  {
    "parameterName": "TAU1",
    "parameterDisplayName": "TAU1",
    "type": "selection",
    "datasource": "column",
    "defaultValue": "TAU1",
    "category": "variable",
    "options": [
      "TAU",
      "TAU1"
    ]
  },
  {
    "parameterName": "TAU1U",
    "parameterDisplayName": "TAU1 Units",
    "type": "selection",
    "datasource": "column",
    "defaultValue": "TAU1U",
    "category": "variable",
    "options": [
      "TAUU",
      "TAU1U"
    ]
  },
  {
    "parameterName": "DOF",
    "parameterDisplayName": "Duration of Infusion",
    "type": "selection",
    "defaultValue": "DOF",
    "category": "hidden",
    "datasource": "column",
    "options": [
      "DOF",
      "DOF1"
    ]
  },
  {
    "parameterName": "DOFU",
    "parameterDisplayName": "Duration of Infusion",
    "type": "selection",
    "defaultValue": "DOFU",
    "category": "hidden",
    "datasource": "column",
    "options": [
      "DOFU",
      "DOF1U"
    ]
  },
  {
    "parameterName": "MATRIX",
    "parameterDisplayName": "Sample Matrix",
    "type": "selection",
    "datasource": "column",
    "defaultValue": "PKBDFLD"
  },
  {
    "parameterName": "SAMPLETYPE",
    "parameterDisplayName": "SAMPLETYPE - Point/Interval",
    "type": "selection",
    "datasource": "column",
    "defaultValue": "PKCOLL"
  },
  {
    "parameterName": "LLOQPATTERNS",
    "parameterDisplayName": "LLOQPATTERNS",
    "type": "text",
    "defaultValue": "LLOQ|BLQ|^[<]{1}",
    "category": "hidden"
  },
  {
    "parameterName": "SAMPLEVOLUME",
    "parameterDisplayName": "SAMPLEVOLUME",
    "type": "selection",
    "category": "hidden",
    "defaultValue": "PKSMVL",
    "datasource": "column"
  },
  {
    "parameterName": "SAMPLEVOLUMEU",
    "parameterDisplayName": "SAMPLEVOLUMEU",
    "type": "selection",
    "defaultValue": "PKSMVLU",
    "datasource": "column",
    "category": "hidden"
  },
  {
    "parameterName": "FLGMERGE",
    "parameterDisplayName": "FLGMERGE",
    "type": "selection",
    "defaultValue": "PKDATAROWID",
    "datasource": "column"
  },
  {
    "parameterName": "FLGACCEPTKELCRIT",
    "parameterDisplayName": "Accept KEL Criteria",
    "type": "text",
    "defaultValue": "KELRSQ>=0.9,KELNOPT>=3,AUCXPCTP<=20.0"
  },
  {
    "parameterName": "FLGACCEPTTAU",
    "parameterDisplayName": "FLGACCEPTTAU",
    "type": "text",
    "defaultValue": "FLGACCEPTTAU",
    "category": "hidden"
  },
  {
    "parameterName": "FLGACCEPTPREDOSECRIT",
    "parameterDisplayName": "Accept Pre-Dose Criteria",
    "type": "text",
    "defaultValue": "0.05"
  },
  {
    "parameterName": "LASTTIMEACCEPTCRIT",
    "parameterDisplayName": "LASTTIME Acceptance Limit",
    "type": "text",
    "defaultValue": "0.9*TAUi"
  },
  {
    "parameterName": "FLGEXKEL",
    "parameterDisplayName": "FLGEXKEL",
    "type": "text",
    "category": "kelFlags",
    "defaultValue": "FLGEXKEL"
  },
  {
    "parameterName": "FLGNOCMAX",
    "parameterDisplayName": "FLGNOCMAX",
    "type": "selection",
    "defaultValue": "1",
    "datasource": "static",
    "options": [
      "0",
      "1"
    ]
  },
  {
    "parameterName": "FLGEXAUC",
    "parameterDisplayName": "FLGEXAUC",
    "type": "text",
    "defaultValue": "FLGEXAUC",
    "category": "kelFlags"
  },
  {
    "parameterName": "FLGEXSDE",
    "parameterDisplayName": "FLGEXSDE",
    "type": "text",
    "defaultValue": "FLGEXSDE",
    "category": "kelFlags"
  },
  {
    "parameterName": "FLGEXST",
    "parameterDisplayName": "FLGEXST",
    "type": "text",
    "defaultValue": "FLGEXST",
    "category": "kelFlags"
  },
  {
    "parameterName": "PKPCOM",
    "parameterDisplayName": "PKPCOM",
    "type": "text",
    "defaultValue": "PKPCOM",
    "category": "kelFlags"
  },
  {
    "parameterName": "PKRCOM",
    "parameterDisplayName": "PKRCOM",
    "type": "text",
    "defaultValue": "PKRCOM",
    "category": "kelFlags"
  },
  {
    "parameterName": "SPANRATIOCRIT",
    "parameterDisplayName": "Span Ratio Criteria",
    "type": "text",
    "defaultValue": "2"
  },
  {
    "parameterName": "FLGEMESIS",
    "parameterDisplayName": "Prior Emesis Flag",
    "type": "selection",
    "defaultValue": "FLGEMESIS",
    "datasource": "column"
  },
  {
    "parameterName": "NORMBS",
    "parameterDisplayName": "NORMBS",
    "type": "selection",
    "defaultValue": "WTRAW",
    "datasource": "column",
    "options": [
      "WTRAW",
      "WT"
    ]
  },
  {
    "parameterName": "NORMBSU",
    "parameterDisplayName": "NORMBSU",
    "type": "selection",
    "defaultValue": "WTUNI",
    "datasource": "column",
    "options": [
      "WTUNI",
      "WTU"
    ]
  },
  {
    "parameterName": "TIMEOUTPUTUNIT",
    "parameterDisplayName": "Target Time Unit",
    "type": "text",
    "defaultValue": "HR",
    "datasource": "static"
  },
  {
    "parameterName": "AMOUNTOUTPUTUNIT",
    "parameterDisplayName": "Target Amount Unit",
    "type": "text",
    "defaultValue": "MG",
    "datasource": "static"
  },
  {
    "parameterName": "DOSEOUTPUTUNIT",
    "parameterDisplayName": "Target Dose Unit",
    "type": "text",
    "defaultValue": "MG",
    "datasource": "static"
  },
  {
    "parameterName": "VOLUMEOUTPUTUNIT",
    "parameterDisplayName": "Target Volume Unit",
    "type": "text",
    "defaultValue": "L",
    "datasource": "static"
  },
  {
    "parameterName": "CONCOUTPUTUNIT",
    "parameterDisplayName": "Target Concentration Unit",
    "type": "text",
    "datasource": "static",
    "defaultValue": "NG/ML"
  },
  {
    "parameterName": "KELOUTPUTUNIT",
    "parameterDisplayName": "Target KEL Unit",
    "type": "text",
    "datasource": "static",
    "defaultValue": "1/HR"
  },
  {
    "parameterName": "CLOUTPUTUNIT",
    "parameterDisplayName": "Target Clearance Unit",
    "type": "text",
    "datasource": "static",
    "defaultValue": "L/HR"
  },
  {
    "parameterName": "AUCOUTPUTUNIT",
    "parameterDisplayName": "Target AUC Unit",
    "type": "text",
    "datasource": "static",
    "defaultValue": "NG.HR/ML"
  },
  {
    "parameterName": "AUMCOUTPUTUNIT",
    "parameterDisplayName": "Target AUMC Unit",
    "type": "text",
    "datasource": "static",
    "defaultValue": "NG.HR.HR/ML"
  },
  {
    "parameterName": "AUCNORMOUTPUTUNIT",
    "parameterDisplayName": "Target AUC Normalized Unit",
    "type": "text",
    "datasource": "static",
    "defaultValue": "NG.HR/ML/MG"
  },
  {
    "parameterName": "CONCNORMOUTPUTUNIT",
    "parameterDisplayName": "Target Concentration Normalized Unit",
    "type": "text",
    "datasource": "static",
    "defaultValue": "NG/ML/MG"
  },
  {
    "parameterName": "VOLUMENORMOUTPUTUNIT",
    "parameterDisplayName": "Target Volume Normalized Unit",
    "type": "text",
    "datasource": "static",
    "defaultValue": "L/KG"
  },
  {
    "parameterName": "CLNORMOUTPUTUNIT",
    "parameterDisplayName": "Target Clearance Normalized Unit",
    "type": "text",
    "defaultValue": "L/HR/KG",
    "category": "hidden",
    "datasource": "static"
  },
  {
    "parameterName": "AUROUTPUTUNIT",
    "parameterDisplayName": "Target AURC Unit",
    "type": "text",
    "defaultValue": "NA",
    "category": "hidden",
    "datasource": "static"
  },
  {
    "parameterName": "RATEOUTPUTUNIT",
    "parameterDisplayName": "Target RATE Unit",
    "type": "text",
    "defaultValue": "NG/HR",
    "category": "hidden",
    "datasource": "static"
  },
  {
    "parameterName": "PKTERMPARENT",
    "parameterDisplayName": "PKTERMPARENT",
    "type": "selection",
    "defaultValue": "",
    "category": "hidden",
    "datasource": "column"
  },
  {
    "parameterName": "DP.DEFAULT",
    "parameterDisplayName": "DP.DEFAULT",
    "type": "text",
    "defaultValue": "3",
    "category": "hidden"
  },
  {
    "parameterName": "DP.KELRSQ",
    "parameterDisplayName": "DP.KELRSQ",
    "type": "text",
    "defaultValue": "4",
    "category": "hidden"
  },
  {
    "parameterName": "DP.KELRSQA",
    "parameterDisplayName": "DP.KELRSQA",
    "type": "text",
    "defaultValue": "4",
    "category": "hidden"
  },
  {
    "parameterName": "SF.DEFAULT",
    "parameterDisplayName": "SF.DEFAULT",
    "type": "text",
    "defaultValue": "3",
    "category": "hidden"
  },
  {
    "parameterName": "SF.KELRSQ",
    "parameterDisplayName": "SF.KELRSQ",
    "type": "text",
    "defaultValue": "4",
    "category": "hidden"
  },
  {
    "parameterName": "SF.KELRSQA",
    "parameterDisplayName": "SF.KELRSQA",
    "type": "text",
    "defaultValue": "4",
    "category": "hidden"
  },
  {
    "parameterName": "PARAMETERLIST",
    "parameterDisplayName": "PARAMETERLIST",
    "type": "multi-selection",
    "defaultValue": [
      "AUCALL",
      "AUCALLDN",
      "AUCT",
      "AUCTDN",
      "AUCINFO",
      "AUCINFOi",
      "AUCINFOC",
      "AUCINFODN",
      "AUCINFP",
      "AUCINFPi",
      "AUCINFPDN",
      "AUCLAST",
      "AUCLASTi",
      "AUCLASTDN",
      "AUCLASTDNi",
      "AUCT1_T2",
      "AUCTAUi",
      "AUCTAUDNi",
      "AUCXPCTO",
      "AUCXPCTOi",
      "AUCXPCTP",
      "AUCXPCTPi",
      "AUMCINFOi",
      "AUMCINFPi",
      "AUMCLASTi",
      "AUMCTAUi",
      "AUMCXPTOi",
      "AUMCXPTPi",
      "CAVi",
      "CEST",
      "CLAST",
      "CLASTi",
      "CLFTAUi",
      "CLFTAUWi",
      "CMAX",
      "CMAXi",
      "CMAXDN",
      "CMAXDNi",
      "CMIN",
      "CMINDN",
      "CMINi",
      "CMINDNi",
      "CTROUGHi",
      "CTROUGHENDi",
      "DOSE",
      "DOSEi",
      "DOSEC",
      "DOSECi",
      "DIi",
      "KEL",
      "KELC0",
      "KELNOPT",
      "KELR",
      "KELRSQ",
      "KELRSQA",
      "KELTMHI",
      "KELTMLO",
      "LASTTIME",
      "LASTTIMEi",
      "MRTEVIFOi",
      "MRTEVIFPi",
      "MRTLAST",
      "MRTLASTi",
      "PTFi",
      "PTRi",
      "PTROUGHRi",
      "PTROUGHRENDi",
      "TAU",
      "TAUi",
      "THALF",
      "THALFF",
      "TLAG",
      "TLAST",
      "TLASTi",
      "TMAX",
      "TMAXi",
      "TMIN",
      "TMINi",
      "TOLD",
      "TOLDi",
      "VZFTAUi",
      "VZFTAUWi",
      "FLGACCEPTKEL",
      "FLGACCEPTKELCRIT",
      "FLGACCEPTPREDOSE",
      "FLGACCEPTPREDOSECRIT",
      "FLGACCEPTTAU",
      "FLGACCEPTTMAX",
      "SPANRATIOCRIT"
    ],
    "datasource": "static",
    "category": "params-multi",
    "options": [
      "AUCALL",
      "AUCALLDN",
      "AUCT",
      "AUCTDN",
      "AUCINFO",
      "AUCINFOi",
      "AUCINFOC",
      "AUCINFODN",
      "AUCINFP",
      "AUCINFPi",
      "AUCINFPDN",
      "AUCLAST",
      "AUCLASTi",
      "AUCLASTDN",
      "AUCLASTDNi",
      "AUCT1_T2",
      "AUCTAUi",
      "AUCTAUDNi",
      "AUCXPCTO",
      "AUCXPCTOi",
      "AUCXPCTP",
      "AUCXPCTPi",
      "AUMCINFOi",
      "AUMCINFPi",
      "AUMCLASTi",
      "AUMCTAUi",
      "AUMCXPTOi",
      "AUMCXPTPi",
      "CAVi",
      "CEST",
      "CLAST",
      "CLASTi",
      "CLFTAUi",
      "CLFTAUWi",
      "CMAX",
      "CMAXi",
      "CMAXDN",
      "CMAXDNi",
      "CMIN",
      "CMINDN",
      "CMINi",
      "CMINDNi",
      "CTROUGHi",
      "CTROUGHENDi",
      "DOSE",
      "DOSEi",
      "DOSEC",
      "DOSECi",
      "DIi",
      "KEL",
      "KELC0",
      "KELNOPT",
      "KELR",
      "KELRSQ",
      "KELRSQA",
      "KELTMHI",
      "KELTMLO",
      "LASTTIME",
      "LASTTIMEi",
      "MRTEVIFOi",
      "MRTEVIFPi",
      "MRTLAST",
      "MRTLASTi",
      "PTFi",
      "PTRi",
      "PTROUGHRi",
      "PTROUGHRENDi",
      "TAU",
      "TAUi",
      "THALF",
      "THALFF",
      "TLAG",
      "TLAST",
      "TLASTi",
      "TMAX",
      "TMAXi",
      "TMIN",
      "TMINi",
      "TOLD",
      "TOLDi",
      "VZFTAUi",
      "VZFTAUWi",
      "FLGACCEPTKEL",
      "FLGACCEPTKELCRIT",
      "FLGACCEPTPREDOSE",
      "FLGACCEPTPREDOSECRIT",
      "FLGACCEPTTAU",
      "FLGACCEPTTMAX",
      "SPANRATIOCRIT"
    ]
  },
  {
    "parameterName": "PARAMETERDISPLAYLIST",
    "parameterDisplayName": "PARAMETERDISPLAYLIST",
    "type": "multi-selection",
    "category": "params-multi",
    "defaultValue": [
      "AUCLASTi",
      "AUCLASTDNi",
      "AUCTAUi",
      "AUCTAUDNi",
      "CAVi",
      "CLFTAUi",
      "CMAXi",
      "CMAXDNi",
      "CMINi",
      "CTROUGHi",
      "KEL",
      "KELNOPT",
      "KELRSQ",
      "KELTMHI",
      "KELTMLO",
      "PTFi",
      "PTRi",
      "PTROUGHRi",
      "THALF",
      "TLASTi",
      "TMAXi",
      "VZFTAUi",
      "FLGACCEPTKEL",
      "FLGACCEPTPREDOSE",
      "FLGACCEPTTAU",
      "FLGACCEPTTMAX"
    ],
    "datasource": "static",
    "options": []
  },
  {
    "parameterName": "DATADISPLAYLIST",
    "parameterDisplayName": "DATADISPLAYLIST",
    "type": "multi-selection",
    "defaultValue": [
      "SDEID",
      "STUDY",
      "SITEID",
      "SUBJID",
      "RAND",
      "TREATXT",
      "TRTCD",
      "PKCOLL",
      "PKBDFLD",
      "PKTERM",
      "PERIODU",
      "PERIOD",
      "VISITU",
      "VISIT",
      "PHASE",
      "PCANMETH",
      "PCMETHOD",
      "PCNAM",
      "PCLLOQ",
      "PCSTRESU",
      "DOSE",
      "DOSEU",
      "DOSEUNI",
      "ACTTRT"
    ],
    "datasource": "static",
    "options": [],
    "category": "params-multi"
  },
  {
    "parameterName": "RETURNCOLS",
    "parameterDisplayName": "RETURNCOLS",
    "type": "multi-selection",
    "datasource": "column",
    "defaultValue": [
      "UDSDEID",
      "SDEID",
      "STUDY",
      "SITEID",
      "SUBJID",
      "RAND",
      "TREATXT",
      "TRTCD",
      "PKCOLL",
      "PKBDFLD",
      "PKTERM",
      "PERIODU",
      "PERIOD",
      "VISITU",
      "VISIT",
      "PHASE",
      "PCANMETH",
      "HT",
      "WT",
      "AGEDERU",
      "AGEDER",
      "WTUNI",
      "WTRAW",
      "HTUNI",
      "HTRAW",
      "RACEOTH",
      "RACES",
      "SEX",
      "RACIALD",
      "ETHNIC",
      "DOSEP",
      "DOSPND",
      "DOSEPUNI",
      "DOSPTM",
      "DOSE",
      "DOSEU",
      "ACTTRT",
      "ACTTRTC",
      "ACTTRTS",
      "TREATSEQ",
      "FLGEMESIS",
      "FU",
      "DATASTATUS",
      "PKPCOM",
      "PKSIGFIG",
      "PKDECPL",
      "DATABLINDSTATUS",
      "PCLLOQ",
      "PCSTRESU",
      "PCNAM",
      "ROUTE"
    ],
    "category": "variable"
  },
  {
    "parameterName": "AUCNPAIR",
    "parameterDisplayName": "AUCNPAIR",
    "type": "text",
    "defaultValue": "0",
    "category": "hidden"
  },
  {
    "parameterName": "OPTIMIZEKEL",
    "parameterDisplayName": "OPTIMIZEKEL",
    "type": "selection",
    "datasource": "static",
    "defaultValue": "0",
    "options": [
      "0",
      "1"
    ]
  },
  {
    "parameterName": "INCLUDEINTERPOLATION",
    "parameterDisplayName": "INCLUDEINTERPOLATION",
    "type": "selection",
    "datasource": "static",
    "defaultValue": "1",
    "options": [
      "0",
      "1"
    ]
  },
  {
    "parameterName": "INCLUDEEXTRAPOLATION",
    "parameterDisplayName": "INCLUDEEXTRAPOLATION",
    "type": "selection",
    "datasource": "static",
    "defaultValue": "1",
    "options": [
      "0",
      "1"
    ]
  }
]